Balance of Payments and Direct Investment Position Data (Jun 21 2016  3:18:04:960PM),,,,,,,,,,,,,,,,,,,,,,,,,,,,,,,,,
"U.S. Direct Investment Abroad,U.S. Direct Investment Position Abroad on a Historical-Cost Basis ",,,,,,,,,,,,,,,,,,,,,,,,,,,,,,,,,
Bureau of Economic Analysis ,,,,,,,,,,,,,,,,,,,,,,,,,,,,,,,,,
By Country Only (All Countries)  (Millions of Dollars) <br/>,,,,,,,,,,,,,,,,,,,,,,,,,,,,,,,,,
,All Industries Total,All Industries Total,All Industries Total,All Industries Total,All Industries Total,All Industries Total,All Industries Total,All Industries Total,All Industries Total,All Industries Total,All Industries Total,All Industries Total,All Industries Total,All Industries Total,All Industries Total,All Industries Total,All Industries Total,All Industries Total,All Industries Total,All Industries Total,All Industries Total,All Industries Total,All Industries Total,All Industries Total,All Industries Total,All Industries Total,All Industries Total,All Industries Total,All Industries Total,All Industries Total,All Industries Total,All Industries Total,All Industries Total
,1982,1983,1984,1985,1986,1987,1988,1989,1990,1991,1992,1993,1994,1995,1996,1997,1998,1999,2000,2001,2002,2003,2004,2005,2006,2007,2008,2009,2010,2011,2012,2013,2014
Canada,43511,44779,47498,47934,52006,59145,63900,63948,69508,70711,68690,69922,74221,83498,89592,96626,98200,119590,132472,152601,166473,187953,214931,231836,205134,250642,246483,274807,295206,330041,366709,390172,386121
Europe,92449,94400,94388,108664,125613,156003,163138,189467,214739,235163,248744,285735,297133,344596,389378,425139,518433,627754,687320,771936,859378,976889,1180130,1210679,1397704,1682023,1844182,1991191,2034559,2246394,2445652,2650757,2781666
  Austria,562,548,534,509,736,711,697,962,1113,1268,1371,1312,2197,2829,2854,2646,3856,3848,2872,3964,4011,6366,9264,11236,14897,14646,13546,10954,11485,12556,14327,15641,15787
  Belgium,5549,5087,5202,5619,5568,7719,7830,7710,9464,10611,11381,11697,14714,18706,18740,17337,17899,21756,17973,22589,25727,27415,41840,49306,51862,62491,65279,46610,43975,50984,49144,51702,48128
  Czech Republic,n.s.,n.s.,n.s.,n.s.,n.s.,n.s.,n.s.,n.s.,n.s.,n.s.,n.s.,n.s.,n.s.,n.s.,n.s.,n.s.,n.s.,1038,1228,1179,1264,1668,2444,2729,3615,4066,5053,5372,5268,5840,6016,6990,7247
  Denmark,1155,1275,1263,1383,1164,1120,1182,(D),1726,1940,1676,1735,2030,2161,2554,2385,2764,3846,5270,5160,6184,5597,6815,6914,5849,8950,10481,13053,11802,14942,14306,13605,14108
  Finland,178,199,193,268,306,404,426,(D),544,386,343,414,761,965,1070,1311,1628,1379,1342,1686,1722,1677,2208,1950,2107,2202,2012,1659,1597,2123,2007,1919,1784
  France,7391,6613,6434,7747,9323,12335,13576,16443,19164,21569,25157,24312,27322,33358,35200,36630,42328,43120,42628,40125,43348,51229,63359,60526,63008,74179,84409,90879,78320,76283,75185,77690,76823
  Germany,15463,15451,15055,17176,21476,25128,22784,23673,27609,32411,33003,36811,38878,44242,41281,40726,47685,53399,55508,63396,61073,72262,79467,100473,93620,100601,107833,110149,103319,119648,121072,123322,115533
  Greece,412,315,239,179,129,164,216,210,282,306,372,410,482,533,566,634,648,760,795,835,981,1431,1899,1884,1804,2179,2092,1919,1775,1440,1065,-583,-447
  Hungary,n.s.,n.s.,n.s.,n.s.,n.s.,n.s.,n.s.,n.s.,n.s.,n.s.,n.s.,n.s.,n.s.,n.s.,n.s.,n.s.,n.s.,2409,1920,2033,2503,2856,3024,2795,2602,6457,3737,4090,4237,6305,7500,6189,5879
  Ireland,2031,2517,2964,3762,4412,5530,6063,4665,5894,6471,7607,9019,7239,7996,10133,11339,21825,25157,35903,39541,51598,60604,72907,55173,86372,117708,150131,129829,158851,184804,212411,247755,310598
  Italy,4316,4535,4745,6137,7745,9726,10046,11221,14063,15085,13015,12748,14808,17096,16193,15547,15548,17889,23484,22883,23771,23092,25184,24528,25435,28216,27663,29944,27137,26896,27317,28018,26733
  Luxembourg,1098,1240,493,795,957,874,1122,1560,1697,1734,2031,5611,6310,5929,7753,10258,14571,22148,27849,50771,62181,68298,83634,79937,125146,144180,172251,219082,272206,357898,408205,445498,465160
  Netherlands,6760,6917,6207,7552,12203,15507,16765,19160,19120,20293,20700,20911,29889,42113,54118,68619,89978,121315,115429,147687,158415,186366,219384,240205,279373,412122,423059,497471,514689,595658,647365,717035,753224
  Norway,2735,3099,2850,3235,3247,3873,4429,3447,4209,4318,3825,3757,5026,4741,5483,6633,6897,5944,4379,4446,6045,7511,8491,8533,9667,12188,24706,24238,28541,32727,43326,41842,39522
  Poland,n.s.,n.s.,n.s.,n.s.,n.s.,n.s.,n.s.,n.s.,n.s.,n.s.,n.s.,n.s.,n.s.,n.s.,n.s.,n.s.,n.s.,3281,3884,4573,4231,4382,7256,5575,6934,15614,12489,13412,13152,12744,13137,12540,11516
  Portugal,277,222,210,243,302,528,583,(D),897,1034,1290,1264,1181,1413,1423,1399,1360,2188,2664,2746,3093,2402,1915,2138,2832,2991,3006,2803,2612,2421,2061,1978,2053
  Russia,n.s.,n.s.,n.s.,n.s.,n.s.,n.s.,n.s.,n.s.,n.s.,n.s.,n.s.,n.s.,n.s.,n.s.,n.s.,n.s.,n.s.,1678,1147,883,1135,2511,6088,9363,11371,15029,19777,20763,10040,11285,13389,13140,9263
  Spain,2350,2331,2224,2407,2882,4334,5220,6500,7868,8088,8757,6689,9572,10856,12252,11541,14221,19970,21236,28174,38001,41119,48409,50197,49356,61093,54194,58341,52390,45351,27978,34146,36363
  Sweden,1103,1064,997,1060,1030,1179,1131,1297,1787,2323,1881,2374,1905,6816,5248,3542,5237,10624,25959,26374,30114,27004,29730,30153,33857,36615,35876,36702,23275,33422,33635,35968,28842
  Switzerland,12863,14257,14877,15888,16608,19691,18709,21144,25099,25682,28698,33056,27908,31125,30744,30634,38225,40532,55377,63768,74229,92750,121790,100692,102022,94675,133222,131707,119891,107341,122417,126652,152879
  Turkey,146,131,248,259,246,238,287,343,522,545,732,995,874,973,1059,1033,1014,1792,1826,1641,1869,2213,2682,2563,3141,5584,4542,3675,4155,4027,4945,4366,4384
  United Kingdom,27537,28086,29265,34066,36974,46489,51734,67722,72707,79819,85176,109208,100817,106332,134559,154462,183035,216638,230762,228230,247952,277246,330416,351513,406358,426357,448412,495382,501247,485029,537041,576516,587943
  Other,524,513,388,377,304,452,338,(D),974,1282,1729,3411,5219,6412,8148,8464,9713,7042,7885,9252,9929,10888,11924,12297,16473,33882,40413,43158,44597,56670,61802,68828,68344
    Albania,n.s.,n.s.,n.s.,n.s.,n.s.,n.s.,n.s.,0,0,0,0,0,3,1,-3,-8,-12,-11,(D),(D),6,5,2,2,2,2,2,-2,-2,-2,-2,-2,-2
    Andorra,n.s.,n.s.,n.s.,n.s.,n.s.,n.s.,n.s.,n.s.,n.s.,n.s.,n.s.,n.s.,n.s.,n.s.,n.s.,n.s.,n.s.,(*),(*),(*),(*),(*),(*),(*),(*),(*),(*),n.s.,n.s.,n.s.,n.s.,n.s.,n.s.
    Armenia,n.s.,n.s.,n.s.,n.s.,n.s.,n.s.,n.s.,n.s.,n.s.,n.s.,n.s.,n.s.,n.s.,n.s.,n.s.,n.s.,n.s.,(*),(*),(*),(*),(*),3,3,3,3,3,1,1,1,1,1,1
    Azerbaijan,n.s.,n.s.,n.s.,n.s.,n.s.,n.s.,n.s.,---,---,---,(D),(D),(D),206,271,702,873,823,896,1019,1703,2006,2788,3002,4166,5480,(D),(D),(D),(D),(D),(D),(D)
    Belarus,n.s.,n.s.,n.s.,n.s.,n.s.,n.s.,n.s.,n.s.,n.s.,n.s.,n.s.,n.s.,0,0,0,0,(D),4,7,6,(*),(*),(D),13,14,16,17,10,10,10,10,10,10
    Bosnia and Herzegovina,n.s.,n.s.,n.s.,n.s.,n.s.,n.s.,n.s.,---,---,---,0,0,1,-4,-5,-7,(D),-38,-3,7,7,7,(D),5,2,(*),-2,6,6,6,6,6,5
    Bulgaria,n.s.,n.s.,n.s.,n.s.,n.s.,n.s.,n.s.,0,0,0,0,0,10,20,18,22,21,106,115,107,142,186,386,342,232,662,527,338,360,(D),439,465,518
    Croatia,n.s.,n.s.,n.s.,n.s.,n.s.,n.s.,n.s.,---,---,---,(*),0,0,0,0,0,0,33,34,50,78,38,62,61,61,83,88,76,-28,-37,150,143,(D)
    Cyprus,19,22,20,21,15,16,16,26,40,39,24,32,32,28,36,43,44,85,92,292,238,257,12,248,597,(D),1250,1555,1653,1934,1837,1964,2150
    Czech Republic,n.s.,n.s.,n.s.,n.s.,n.s.,n.s.,n.s.,---,---,---,---,157,487,526,511,409,500,n.s.,n.s.,n.s.,n.s.,n.s.,n.s.,n.s.,n.s.,n.s.,n.s.,n.s.,n.s.,n.s.,n.s.,n.s.,n.s.
    Czechoslovakia,n.s.,n.s.,n.s.,n.s.,n.s.,n.s.,n.s.,0,(*),(D),141,---,n.s.,n.s.,n.s.,n.s.,n.s.,n.s.,n.s.,n.s.,n.s.,n.s.,n.s.,n.s.,n.s.,n.s.,n.s.,n.s.,n.s.,n.s.,n.s.,n.s.,n.s.
    Estonia,n.s.,n.s.,n.s.,n.s.,n.s.,n.s.,n.s.,---,---,0,0,0,(D),(D),(D),(D),(D),43,24,37,33,15,27,28,30,32,12,(D),(D),60,111,146,145
    Georgia,n.s.,n.s.,n.s.,n.s.,n.s.,n.s.,n.s.,n.s.,n.s.,n.s.,n.s.,n.s.,0,0,0,0,0,(D),(D),(D),350,62,65,82,(D),2,3,1,1,1,1,1,1
    Gibraltar,0,(*),(*),(*),(*),(*),1,(D),(D),(D),(D),(D),(D),(D),(D),(D),(D),23,(D),(D),565,625,1768,1584,2643,15081,19347,25573,24630,34878,41232,43683,41121
    Greenland,0,0,0,-2,(D),(D),(D),4,2,2,3,3,n.s.,n.s.,n.s.,n.s.,n.s.,(*),(*),(*),(*),(*),n.s.,n.s.,n.s.,n.s.,n.s.,n.s.,n.s.,n.s.,n.s.,n.s.,n.s.
    Hungary,0,0,0,0,(D),(D),(D),(D),119,189,254,1053,1066,1487,1843,1168,1485,n.s.,n.s.,n.s.,n.s.,n.s.,n.s.,n.s.,n.s.,n.s.,n.s.,n.s.,n.s.,n.s.,n.s.,n.s.,n.s.
    Iceland,6,7,8,9,10,10,11,19,26,31,30,34,(*),(*),(*),1,1,(D),26,12,4,5,10,10,(D),(D),(D),(D),(D),(D),(D),(D),(D)
    Kazakhstan,n.s.,n.s.,n.s.,n.s.,n.s.,n.s.,n.s.,---,---,---,(D),(D),(D),(D),1384,1454,2522,4128,4580,5246,4502,4935,4754,4565,5187,(D),6548,7501,9314,11754,12512,(D),15582
    Kyrgyzstan,n.s.,n.s.,n.s.,n.s.,n.s.,n.s.,n.s.,n.s.,n.s.,n.s.,n.s.,n.s.,n.s.,n.s.,n.s.,n.s.,n.s.,2,2,2,2,2,n.s.,n.s.,n.s.,n.s.,n.s.,12,12,12,12,12,12
    Latvia,n.s.,n.s.,n.s.,n.s.,n.s.,n.s.,n.s.,---,---,0,0,0,(D),(D),(D),21,8,44,8,-2,(D),31,61,44,48,51,42,9,2,-3,(D),(D),(D)
    Liechtenstein,329,320,326,350,337,407,294,342,362,385,345,359,282,264,281,302,351,381,388,422,518,561,284,306,248,300,269,56,264,267,278,265,297
    Lithuania,n.s.,n.s.,n.s.,n.s.,n.s.,n.s.,n.s.,---,---,0,0,0,(D),(D),(D),47,43,150,(D),(D),69,(D),(D),32,52,81,79,(D),(D),(D),(D),(D),(D)
    Macedonia,n.s.,n.s.,n.s.,n.s.,n.s.,n.s.,n.s.,n.s.,n.s.,n.s.,n.s.,n.s.,n.s.,n.s.,n.s.,n.s.,n.s.,5,5,5,5,5,4,4,4,4,4,4,4,4,4,(D),(D)
    Malta,(D),(D),(D),(D),(D),15,17,(D),(D),(D),(D),13,26,24,18,10,(D),(D),(D),55,(D),(D),81,384,365,(D),534,1421,1944,1116,(D),(D),902
    Moldova,n.s.,n.s.,n.s.,n.s.,n.s.,n.s.,n.s.,n.s.,n.s.,n.s.,n.s.,n.s.,n.s.,n.s.,n.s.,n.s.,n.s.,1,1,1,1,1,1,1,1,1,1,3,3,3,3,3,3
    Monaco,n.s.,n.s.,n.s.,n.s.,n.s.,n.s.,n.s.,n.s.,n.s.,n.s.,n.s.,n.s.,n.s.,n.s.,n.s.,n.s.,n.s.,n.s.,n.s.,n.s.,n.s.,n.s.,...,...,...,47,44,38,42,34,33,6,-5
    Montenegro,n.s.,n.s.,n.s.,n.s.,n.s.,n.s.,n.s.,n.s.,n.s.,n.s.,n.s.,n.s.,n.s.,n.s.,n.s.,n.s.,n.s.,n.s.,n.s.,n.s.,n.s.,n.s.,1,1,1,1,1,1,1,1,1,1,1
    Poland,n.s.,n.s.,n.s.,n.s.,n.s.,n.s.,n.s.,0,3,32,191,427,771,946,1011,1390,1870,n.s.,n.s.,n.s.,n.s.,n.s.,n.s.,n.s.,n.s.,n.s.,n.s.,n.s.,n.s.,n.s.,n.s.,n.s.,n.s.
    Romania,1,4,4,5,5,1,3,-2,-1,8,16,25,43,31,77,89,126,189,248,277,332,431,570,597,875,1061,1349,1541,1543,1357,2167,2124,2305
    Russia,n.s.,n.s.,n.s.,n.s.,n.s.,n.s.,n.s.,---,---,---,94,280,562,1115,1334,1371,623,n.s.,n.s.,n.s.,n.s.,n.s.,n.s.,n.s.,n.s.,n.s.,n.s.,n.s.,n.s.,n.s.,n.s.,n.s.,n.s.
    Serbia,n.s.,n.s.,n.s.,n.s.,n.s.,n.s.,n.s.,---,---,---,(D),(D),(D),(D),(D),(D),-10,(D),(D),24,24,19,15,37,42,46,60,141,108,110,112,125,123
    Slovakia,n.s.,n.s.,n.s.,n.s.,n.s.,n.s.,n.s.,---,---,---,---,(D),41,36,45,61,28,133,163,749,823,1014,379,250,343,687,703,(D),(D),(D),1000,720,749
    Slovenia,n.s.,n.s.,n.s.,n.s.,n.s.,n.s.,n.s.,---,---,---,-3,-4,5,5,24,27,36,65,73,89,39,38,(D),166,134,156,331,(D),(D),(D),(D),(D),(D)
    Tajikistan,n.s.,n.s.,n.s.,n.s.,n.s.,n.s.,n.s.,n.s.,n.s.,n.s.,n.s.,n.s.,n.s.,n.s.,n.s.,n.s.,n.s.,n.s.,n.s.,n.s.,n.s.,n.s.,(*),(*),(*),(*),(*),n.s.,n.s.,n.s.,n.s.,n.s.,n.s.
    Turkmenistan,n.s.,n.s.,n.s.,n.s.,n.s.,n.s.,n.s.,n.s.,n.s.,n.s.,n.s.,n.s.,1,-2,-4,-7,(D),-9,-69,66,(D),137,-4,-3,-2,-1,(*),2,2,(*),-9,-15,-15
    Ukraine,n.s.,n.s.,n.s.,n.s.,n.s.,n.s.,n.s.,---,---,---,0,0,(D),17,22,12,93,200,252,168,198,238,295,397,536,991,912,616,616,792,934,926,717
    Union of Soviet Socialist Republics,n.s.,n.s.,n.s.,n.s.,n.s.,n.s.,n.s.,4,6,63,---,---,n.s.,n.s.,n.s.,n.s.,n.s.,n.s.,n.s.,n.s.,n.s.,n.s.,n.s.,n.s.,n.s.,n.s.,n.s.,n.s.,n.s.,n.s.,n.s.,n.s.,n.s.
    Uzbekistan,n.s.,n.s.,n.s.,n.s.,n.s.,n.s.,n.s.,---,---,---,0,(D),(D),(D),(D),(D),(D),167,(D),99,91,77,(D),135,(D),(D),(D),55,58,63,71,74,73
    Yugoslavia,(D),(D),(D),(D),(D),(D),(D),4,(D),(D),---,---,n.s.,n.s.,n.s.,n.s.,n.s.,n.s.,n.s.,n.s.,n.s.,n.s.,n.s.,n.s.,n.s.,n.s.,n.s.,n.s.,n.s.,n.s.,n.s.,n.s.,n.s.
Latin America and Other Western Hemisphere,28161,25631,26549,30417,39318,50147,55411,62145,71413,77677,91307,100482,116478,131377,155925,180818,196755,253928,266576,279611,289413,297222,351709,379582,418429,556160,588992,718478,752788,788987,828721,849777,897679
  South America,19834,18931,19133,18115,20416,21921,22473,21806,22933,24607,28760,31210,37673,49170,57372,69507,72593,83477,84220,76809,64603,66256,68685,73311,80477,104732,98603,119765,136598,149562,147490,140508,139421
    Argentina,2864,2697,2735,2698,2931,2818,2682,2215,2531,2831,3327,4442,5692,7660,7893,10980,12327,18865,17488,15535,11288,10663,9201,10103,13174,13692,12197,12610,11747,13885,13393,13447,13418
    Brazil,9290,9154,9425,9110,9498,11128,12767,14025,14384,14997,16313,16772,17885,25002,29105,35778,37195,37184,36717,32027,27598,29553,29485,30882,33504,48807,43953,55380,66963,74840,76821,69335,70457
    Chile,311,160,162,255,473,617,988,1412,1896,2069,2544,2749,5062,6216,8156,9148,9029,10177,10052,10526,8928,9021,10804,11127,10927,16337,16286,25404,30747,33265,27537,28617,27560
    Colombia,1769,2135,2150,2188,3332,3148,2331,1660,1677,1876,3053,2930,3463,3506,3531,4097,3749,3775,3693,3122,2622,2773,2991,4292,3799,4552,5028,6050,6181,6236,7251,7373,7085
    Ecuador,388,443,372,352,410,475,437,301,280,321,295,555,784,889,922,838,904,1116,832,579,809,975,881,941,904,1007,1098,1339,1283,793,571,581,650
    Peru,1990,2082,2003,1368,1239,1141,1124,813,599,492,620,622,971,1335,2281,2147,2148,3148,3130,3197,3310,3401,4773,5542,5561,5964,4448,6435,7196,6216,6651,5364,6486
    Venezuela,2631,1708,1752,1562,1920,2045,1714,932,1087,1427,1972,2362,3087,3634,4474,5339,5912,7385,10531,10069,8671,8438,9109,8934,10922,12871,13545,10248,10255,12086,12781,13365,11169
    Other,591,552,533,583,613,551,431,448,479,594,636,778,728,928,1010,1182,1329,1828,1778,1755,1377,1431,1441,1489,1686,1501,2048,2297,2225,2239,2484,2427,2597
      Bolivia,147,158,163,201,233,195,128,184,196,185,122,191,174,300,252,248,349,504,403,439,380,361,331,316,308,248,324,462,535,547,515,613,578
      French Guiana,(D),(D),(D),(D),(D),(D),(D),2,4,(D),(D),(D),(D),7,8,9,10,(D),8,9,9,(*),1,1,1,1,1,n.s.,n.s.,n.s.,n.s.,n.s.,n.s.
      Guyana,3,6,2,(*),(*),1,1,3,7,(D),(D),(D),97,111,126,132,125,177,131,143,157,165,163,174,197,194,210,(D),(D),(D),(D),(D),(D)
      Paraguay,57,39,32,38,42,45,44,42,44,46,49,64,87,83,106,146,204,222,419,414,114,115,103,98,90,(D),(D),207,134,149,(D),(D),144
      Suriname,(D),(D),(D),(D),(D),(D),(D),116,134,147,139,163,76,83,99,154,64,(D),28,40,97,176,255,292,276,(D),(D),(D),(D),(D),144,115,(D)
      Uruguay,114,100,87,93,112,127,116,101,95,184,261,285,(D),345,419,494,577,794,789,711,620,614,589,609,815,638,1081,1245,1229,1303,1569,1448,1478
  Central America,10174,10051,10071,10100,10844,12425,13626,17846,20415,23939,25579,28092,30083,33493,37667,48549,56035,73761,73841,60716,65395,64647,73214,82496,91811,102472,101291,97127,97752,98226,114848,113033,118424
    Costa Rica,142,169,164,123,127,161,196,213,251,417,274,298,607,921,1223,1529,2074,1493,1716,1835,1803,840,2687,1598,2105,2267,2414,2155,1827,1849,1034,998,955
    Guatemala,233,213,244,211,175,165,183,111,130,107,115,139,200,233,331,358,498,n.s.,n.s.,n.s.,n.s.,n.s.,n.s.,n.s.,n.s.,n.s.,n.s.,n.s.,n.s.,n.s.,n.s.,n.s.,n.s.
    Honduras,247,215,286,169,165,183,238,251,262,255,239,159,140,68,129,183,111,347,399,227,181,272,755,821,864,626,809,852,936,799,722,772,754
    Mexico,5019,4516,4829,5417,5060,5434,6312,8264,10313,12501,13730,15221,16968,16873,19351,24050,26657,37151,39352,52544,56303,56851,63384,73687,82965,91046,87443,84047,85751,85599,104388,102418,107825
    Panama,4413,4863,4460,4069,5227,6294,6489,8913,9289,10484,11038,12043,11905,15123,16335,22016,25924,33493,30758,5141,5842,5409,4919,4826,4636,6171,5963,6060,5156,5849,4709,4636,4687
    Other,119,75,88,110,90,188,208,94,169,175,182,233,262,273,298,413,771,1277,1618,970,1267,1274,1469,1563,1240,2362,4663,4013,4082,4130,3994,4209,4202
      Belize,3,-44,-32,7,-7,-7,10,11,(D),12,(D),(D),(D),35,43,57,59,59,103,37,52,54,78,80,(D),38,46,58,54,47,30,31,33
      El Salvador,96,102,96,77,55,54,61,67,90,83,83,105,146,150,175,219,555,621,540,464,664,645,851,934,626,1490,3163,2572,2599,2630,2697,2863,2810
      Guatemala,n.s.,n.s.,n.s.,n.s.,n.s.,n.s.,n.s.,n.s.,n.s.,n.s.,n.s.,n.s.,n.s.,n.s.,n.s.,n.s.,n.s.,478,835,311,300,298,410,386,436,614,1188,1051,1110,1095,1049,1103,1158
      Nicaragua,20,18,24,27,42,141,136,16,(D),80,(D),(D),(D),88,80,137,156,119,140,157,250,278,131,163,(D),220,266,333,319,357,218,211,201
  Other Western Hemisphere,-1847,-3352,-2655,2201,8058,15801,19313,22493,28065,29131,36969,41180,48722,48714,60886,62761,68127,96690,108515,142086,159416,166319,209810,223775,246142,348956,389098,501586,518438,541200,566384,596235,639834
    Bahamas,3121,3720,3345,3796,2959,3766,4462,4577,4004,3864,4167,3138,2808,1768,1876,1569,-282,n.s.,n.s.,n.s.,n.s.,n.s.,n.s.,n.s.,n.s.,n.s.,n.s.,n.s.,n.s.,n.s.,n.s.,n.s.,n.s.
    Barbados,55,62,54,92,204,181,314,141,252,291,340,471,391,698,848,787,929,3030,2141,2240,1817,984,3249,3881,4831,2136,3154,5804,7524,11738,11242,12552,14682
    Bermuda,11519,11400,13322,13343,15717,19166,18916,18297,20169,22262,26736,28666,28355,28374,37091,38071,41908,50847,60114,84969,89473,84508,100856,113222,133480,211708,207547,287933,265524,277313,279555,256137,273792
    Dominican Republic,188,246,236,227,220,185,183,(D),529,661,779,1039,266,330,400,488,645,968,1143,1116,983,816,1028,815,789,712,806,1193,1432,1216,1088,1183,1224
    Jamaica,386,306,250,107,80,71,111,383,625,763,892,1049,1167,1287,1583,1952,1960,n.s.,n.s.,n.s.,n.s.,n.s.,n.s.,n.s.,n.s.,n.s.,n.s.,n.s.,n.s.,n.s.,n.s.,n.s.,n.s.
    Netherlands Antilles,-19756,-22169,-23891,-19878,-16074,-13137,-10078,-8378,-4501,-5072,-1989,-62,6739,6835,7597,4415,3897,n.s.,n.s.,n.s.,n.s.,n.s.,n.s.,n.s.,n.s.,n.s.,n.s.,n.s.,n.s.,n.s.,n.s.,n.s.,n.s.
    Trinidad and Tobago,931,862,663,476,412,381,400,(D),485,510,565,691,529,673,786,639,1004,n.s.,n.s.,n.s.,n.s.,n.s.,n.s.,n.s.,n.s.,n.s.,n.s.,n.s.,n.s.,n.s.,n.s.,n.s.,n.s.
"    United Kingdom Islands, Caribbean",1425,2050,3198,3865,4347,4961,4788,6123,5929,5397,5401,5544,7858,8358,10121,14044,17434,29762,33451,36443,48305,61882,82159,83164,84817,105829,134298,160627,191680,193688,218648,263096,287546
    Other,284,171,168,173,193,227,214,427,574,455,75,645,608,392,583,797,632,12083,11665,17317,18839,18129,22518,22693,22224,28572,43293,46029,52278,57244,55850,63267,62591
      Anguilla,n.s.,n.s.,n.s.,n.s.,n.s.,n.s.,n.s.,n.s.,n.s.,n.s.,n.s.,n.s.,n.s.,n.s.,n.s.,n.s.,n.s.,8,6,(D),2,(*),-5,-5,-5,-5,-5,(*),(*),(D),-2,2,13
      Antigua and Barbuda,3,2,2,(D),3,5,3,3,3,4,5,5,1,1,1,1,2,(D),67,89,93,30,34,30,9,9,9,2,2,2,2,2,2
      Aruba,----,----,----,----,----,(D),(D),(D),(D),(D),(D),430,(D),183,(D),600,487,799,546,806,728,442,172,117,314,410,360,(*),287,628,187,158,239
      Bahamas,n.s.,n.s.,n.s.,n.s.,n.s.,n.s.,n.s.,n.s.,n.s.,n.s.,n.s.,n.s.,n.s.,n.s.,n.s.,n.s.,n.s.,3740,3291,5533,7645,8643,11255,13451,13703,16567,23127,24951,28501,29785,28454,33637,32151
      Cuba,(D),(D),(D),(D),(D),(D),(D),(D),(D),(D),(D),(D),(D),(D),(D),(D),(D),(D),(D),(D),-25,-26,(D),-2,-2,-2,-2,(*),(*),(*),(*),(*),(*)
      CuraÌ¤ao,n.s.,n.s.,n.s.,n.s.,n.s.,n.s.,n.s.,n.s.,n.s.,n.s.,n.s.,n.s.,n.s.,n.s.,n.s.,n.s.,n.s.,n.s.,n.s.,n.s.,n.s.,n.s.,n.s.,n.s.,n.s.,n.s.,n.s.,--,--,(D),5101,5672,5868
      Dominica,0,0,(*),(*),1,1,1,(*),(*),(*),(*),(*),3,33,36,38,39,46,45,43,45,(D),(D),22,6,-14,-2,-1,-1,-11,(D),(D),(D)
"      French Islands, Caribbean",14,14,12,10,13,26,20,68,80,94,106,114,97,129,126,132,127,96,106,106,81,72,58,49,(D),245,275,572,528,146,158,(D),169
      Grenada,(*),(*),(*),(*),(*),1,1,(*),1,1,2,2,(*),1,1,1,1,4,6,7,7,7,(D),9,4,(*),(*),7,7,7,7,7,7
      Haiti,19,16,20,24,27,33,26,26,32,18,31,30,18,14,14,24,(D),70,64,55,63,74,77,100,137,115,113,(D),(D),(D),(D),(D),(D)
      Jamaica,n.s.,n.s.,n.s.,n.s.,n.s.,n.s.,n.s.,n.s.,n.s.,n.s.,n.s.,n.s.,n.s.,n.s.,n.s.,n.s.,n.s.,2296,2483,2957,3097,3406,3551,1018,940,801,940,616,493,488,508,472,199
      Netherlands Antilles,n.s.,n.s.,n.s.,n.s.,n.s.,n.s.,n.s.,n.s.,n.s.,n.s.,n.s.,n.s.,n.s.,n.s.,n.s.,n.s.,n.s.,3451,3579,5695,4753,2926,4712,5607,3924,6483,13314,14482,16335,--,--,--,--
"      Netherlands Islands, Caribbean",n.s.,n.s.,n.s.,n.s.,n.s.,n.s.,n.s.,n.s.,n.s.,n.s.,n.s.,n.s.,n.s.,n.s.,n.s.,n.s.,n.s.,n.s.,n.s.,n.s.,n.s.,n.s.,n.s.,n.s.,n.s.,n.s.,n.s.,--,--,(D),(D),(D),(D)
      Sint Maarten,n.s.,n.s.,n.s.,n.s.,n.s.,n.s.,n.s.,n.s.,n.s.,n.s.,n.s.,n.s.,n.s.,n.s.,n.s.,n.s.,n.s.,n.s.,n.s.,n.s.,n.s.,n.s.,n.s.,n.s.,n.s.,n.s.,n.s.,--,--,-24,-71,-121,-178
      St. Kitts and Nevis,0,(*),0,0,0,2,2,2,1,1,1,1,3,3,3,3,3,-1,-1,-1,-1,-1,-1,36,(D),(*),(*),(D),5,5,5,5,5
      St. Lucia,(D),(D),(D),(D),(D),(D),(D),(D),(D),(D),(D),(D),(D),(D),(D),(D),39,(D),24,19,17,(D),36,32,36,33,26,73,(D),168,153,112,(D)
      St. Vincent and the Grenadines,0,0,1,1,(*),2,2,(*),1,1,2,2,(*),(*),(*),(*),(*),11,(D),6,6,6,(D),7,3,1,1,1,1,1,1,1,1
      Trinidad and Tobago,n.s.,n.s.,n.s.,n.s.,n.s.,n.s.,n.s.,n.s.,n.s.,n.s.,n.s.,n.s.,n.s.,n.s.,n.s.,n.s.,n.s.,1508,1550,2025,2326,2392,2577,2219,(D),3916,5109,5210,5905,6337,7416,6569,6921
"      United Kingdom Islands, Atlantic (OWH)",n.s.,n.s.,n.s.,n.s.,n.s.,n.s.,n.s.,n.s.,n.s.,n.s.,n.s.,n.s.,0,0,0,0,0,(*),(*),(*),(*),(*),2,2,5,14,29,46,5,593,(D),15600,16043
Africa,6487,6230,6076,6130,5748,6032,5474,3936,3650,4427,4469,5469,5760,6017,8162,11330,14061,13118,11891,15574,16040,19835,20356,22756,28158,32607,36746,43941,54816,56996,55849,59569,64233
  Egypt,1229,1416,1521,1905,1792,1644,1596,1541,1231,1246,1334,1510,1090,1093,1366,1603,1963,2210,1998,2557,2682,3524,4526,5475,5564,7023,7804,10257,12599,15428,17341,18795,21320
  Nigeria,334,231,345,63,793,913,680,-42,-401,529,301,478,605,629,1020,1396,1686,233,470,260,901,1100,1936,1105,1677,1584,3254,4938,5058,5307,5369,5029,5173
  South Africa,2281,2007,1446,1390,1499,1465,1189,699,775,868,879,900,1132,1422,1495,2499,2344,3474,3562,3070,3334,3580,3913,3969,3980,5240,4999,5447,6017,5870,5471,6377,6181
  Other,2642,2576,2764,2772,1663,2011,2008,1739,2045,1784,1955,2581,2933,2873,4281,5833,8068,7202,5861,9687,9122,11631,9981,12206,16937,18759,20689,23300,31143,30390,27669,29368,31559
    Algeria,26,39,43,107,56,53,29,6,1,6,52,(D),153,224,1068,1890,3330,1929,2333,3629,3384,4080,3602,4975,5461,5092,4919,4854,5360,5084,5289,4675,5202
    Angola,311,37,110,101,232,434,419,(D),(D),(D),(D),(D),(D),659,594,798,1116,1535,585,1220,1110,1067,1206,1197,1540,1633,2645,2540,4460,5430,846,1221,1907
    Benin,n.s.,n.s.,n.s.,n.s.,n.s.,n.s.,n.s.,n.s.,n.s.,n.s.,n.s.,n.s.,n.s.,n.s.,n.s.,n.s.,n.s.,n.s.,n.s.,n.s.,n.s.,n.s.,55,13,17,7,7,18,18,18,18,18,18
    Botswana,(D),(D),(D),(D),(D),(D),(D),(D),(D),-126,-101,1,36,24,23,22,13,0,0,0,0,0,11,(D),(D),19,22,22,22,22,63,46,44
    Burkina Faso,2,3,4,(D),(D),(D),(D),2,2,2,2,2,1,1,1,2,2,22,13,17,21,3,0,0,0,n.s.,n.s.,n.s.,n.s.,n.s.,n.s.,n.s.,n.s.
    Burundi,(*),(*),1,(*),0,0,0,n.s.,n.s.,n.s.,n.s.,n.s.,n.s.,n.s.,n.s.,n.s.,n.s.,n.s.,n.s.,n.s.,n.s.,n.s.,1,1,1,1,1,(*),(*),(*),(*),(*),(*)
    Cabo Verde,n.s.,n.s.,n.s.,n.s.,n.s.,n.s.,n.s.,n.s.,n.s.,n.s.,n.s.,n.s.,n.s.,n.s.,n.s.,n.s.,n.s.,n.s.,n.s.,n.s.,n.s.,n.s.,n.s.,n.s.,n.s.,n.s.,n.s.,n.s.,n.s.,n.s.,0,(D),(D)
    Cameroon,(D),(D),(D),(D),(D),(D),(D),(D),(D),(D),263,253,143,156,181,218,178,2,2,1,(*),(*),264,122,114,73,68,185,194,192,60,82,73
    Central African Republic,1,1,(*),2,(*),(*),0,n.s.,n.s.,n.s.,n.s.,n.s.,n.s.,n.s.,n.s.,n.s.,n.s.,313,257,148,135,242,(D),(D),(D),n.s.,n.s.,(*),(*),(D),(D),(D),(D)
    Chad,(D),16,(D),(D),31,31,30,40,(D),28,59,67,(D),106,112,128,(D),(*),(*),(*),(*),(*),1,1,1,(D),(D),(D),(D),(D),(D),(D),(D)
    Comoros,n.s.,n.s.,n.s.,n.s.,n.s.,n.s.,n.s.,n.s.,n.s.,n.s.,n.s.,n.s.,n.s.,n.s.,n.s.,n.s.,n.s.,(D),(D),(D),(D),(D),n.s.,n.s.,n.s.,1,1,(*),(*),(*),(*),(*),(*)
    Congo (Brazzaville),45,8,-8,(D),(D),(D),(D),(D),21,-13,(D),(D),(D),(D),72,79,108,222,133,126,116,45,169,135,330,316,(D),277,214,-198,(D),-191,-6
    Congo (Kinshasa),n.s.,n.s.,n.s.,n.s.,n.s.,n.s.,n.s.,n.s.,n.s.,n.s.,n.s.,n.s.,69,65,66,28,77,101,102,96,70,55,65,51,21,(D),(D),(D),(D),(D),(D),(D),(D)
    Cote D'Ivoire,357,222,157,126,45,64,131,47,59,20,(D),19,34,48,93,167,254,206,194,136,184,215,207,260,258,102,-23,16,-1,-13,-40,118,134
    Djibouti,(D),(D),(D),(D),5,1,1,(D),(D),(D),(D),(D),(D),(D),(D),(D),(D),9,8,7,7,6,(D),(D),2,1,0,(*),(*),(*),(*),(*),(*)
    Equatorial Guinea,n.s.,n.s.,n.s.,n.s.,n.s.,n.s.,n.s.,0,0,0,-4,-2,(D),(*),(D),(D),(D),1249,1144,2316,3080,3188,1448,1774,2864,2984,3186,2065,1978,1984,3107,3978,4246
    Eritrea,n.s.,n.s.,n.s.,n.s.,n.s.,n.s.,n.s.,n.s.,n.s.,n.s.,n.s.,n.s.,0,0,0,2,-1,12,-3,-17,-32,-53,4,(*),(*),0,0,7,7,7,7,7,7
    Ethiopia,2,2,2,2,2,2,2,2,2,3,4,4,3,15,30,35,38,(D),38,40,50,50,7,6,2,2,2,3,6,9,11,10,-40
    Gabon,156,105,183,218,199,254,185,93,355,334,244,232,147,116,86,68,186,469,546,555,344,370,483,121,113,249,-87,-78,586,63,155,143,-11
    Gambia,4,2,1,1,0,0,0,n.s.,n.s.,n.s.,n.s.,n.s.,n.s.,n.s.,n.s.,n.s.,n.s.,n.s.,n.s.,n.s.,n.s.,n.s.,(*),(*),(*),(*),(*),n.s.,n.s.,n.s.,n.s.,n.s.,n.s.
    Ghana,(D),157,137,125,111,86,111,122,116,141,122,117,149,190,248,279,330,225,205,297,266,250,223,220,974,(D),(D),1518,2874,3169,3567,3140,(D)
    Guinea,(D),(D),(D),(D),(D),(D),(D),(D),(D),(D),(D),(D),(D),23,2,(D),(D),(D),(D),130,(D),(D),(D),(D),(D),(D),(D),(D),(D),41,73,118,127
    Kenya,134,142,116,93,100,83,90,133,100,99,88,104,126,142,143,188,198,89,66,(D),73,90,178,246,166,189,196,309,308,390,285,406,383
    Lesotho,-1,-2,-3,-5,-7,-8,-9,(*),1,1,2,2,1,1,1,1,1,3,3,3,3,3,n.s.,n.s.,n.s.,3,3,5,5,5,5,5,5
    Liberia,115,142,148,153,174,93,123,262,235,193,208,181,215,242,224,214,227,-225,-819,-547,-1344,273,403,390,556,703,797,694,851,1039,1019,996,873
    Libya,172,234,339,313,234,297,249,221,235,232,268,266,209,161,187,120,60,48,49,52,53,56,58,247,1664,1676,(D),(D),2719,(D),(D),2522,2567
    Madagascar,2,2,(D),(D),(D),(D),(D),5,(*),4,(D),(D),n.s.,n.s.,n.s.,n.s.,n.s.,(*),(*),(*),(*),(*),6,-5,-17,-29,-38,47,47,47,47,57,146
    Malawi,14,11,4,5,5,3,2,-2,3,1,3,16,17,32,(D),(D),40,2,-4,-8,-10,8,10,5,5,3,1,(*),-3,-17,-5,-5,-5
    Mali,2,1,2,5,(D),(D),(D),2,3,3,3,3,3,3,202,225,5,5,5,2,-5,(D),-4,0,0,n.s.,n.s.,1,1,1,1,1,1
    Mauritania,2,3,3,1,1,1,1,2,-3,(D),(D),(D),n.s.,n.s.,n.s.,n.s.,n.s.,1,1,1,1,1,1,-3,-3,-3,-3,n.s.,n.s.,n.s.,n.s.,n.s.,n.s.
    Mauritius,8,8,8,3,4,3,4,3,3,3,3,3,(D),11,10,11,148,119,97,124,(*),10,373,624,1272,2973,2470,5238,7885,6771,6369,6346,5815
    Morocco,23,38,39,39,27,22,15,35,50,57,77,81,93,106,102,83,77,184,220,275,280,292,167,150,130,248,263,396,550,548,606,414,379
    Mozambique,(*),(D),(D),1,(*),0,0,n.s.,n.s.,n.s.,n.s.,n.s.,1,2,3,4,5,1,3,8,12,13,(D),(*),6,5,5,28,121,(D),619,660,(D)
    Namibia,(D),(D),5,(D),5,1,0,0,0,0,0,0,1,1,1,2,2,(*),(*),(*),(*),(*),3,3,3,3,3,8,8,8,8,8,10
    Niger,(D),58,60,62,(D),(D),(D),2,2,3,3,3,(D),6,1,-3,-8,-10,-12,-14,-15,-16,2,(*),(*),(*),(*),n.s.,n.s.,n.s.,n.s.,n.s.,n.s.
    Rwanda,2,1,3,4,2,3,(*),1,1,2,2,2,n.s.,n.s.,n.s.,n.s.,n.s.,n.s.,n.s.,n.s.,n.s.,n.s.,1,1,1,1,1,n.s.,n.s.,n.s.,n.s.,n.s.,n.s.
    Sao Tome and Principe,n.s.,n.s.,n.s.,n.s.,n.s.,n.s.,n.s.,n.s.,n.s.,n.s.,n.s.,n.s.,n.s.,n.s.,n.s.,n.s.,n.s.,n.s.,n.s.,n.s.,n.s.,n.s.,(D),(D),(D),(D),85,(D),(D),(D),(D),(D),(D)
    Senegal,13,22,24,26,28,(D),(D),16,19,19,13,13,26,36,50,58,67,67,30,33,39,38,30,17,19,18,18,23,-31,-43,-59,-71,-74
    Seychelles,n.s.,n.s.,n.s.,n.s.,n.s.,n.s.,n.s.,n.s.,n.s.,n.s.,n.s.,n.s.,n.s.,n.s.,n.s.,n.s.,n.s.,(*),(*),(*),4,(D),(D),(D),(*),(*),(D),(*),(*),(*),(*),(*),30
    Sierra Leone,13,(D),-5,2,12,(D),(D),(D),(D),(D),(D),(D),4,(D),(D),32,2,6,10,11,12,15,7,1,1,1,1,(D),(D),(D),(D),(D),38
    Somalia,12,8,-3,-11,-1,-5,-1,4,-4,(D),(D),(D),-1,-1,-1,-1,(*),29,29,29,29,29,(*),(*),(*),(*),(*),(*),(*),(*),(*),(*),(*)
    Sudan,220,243,340,366,-176,-60,-101,19,10,4,-4,-16,(D),13,21,(D),15,13,13,14,14,3,n.s.,n.s.,n.s.,n.s.,n.s.,(*),(*),(*),(*),(*),(*)
    Swaziland,(*),(*),(*),(*),-1,(D),(D),3,4,5,(D),90,(D),(*),(D),34,6,46,59,45,(D),65,(D),(D),(D),(D),(D),(D),(D),(D),(D),(D),(D)
    Tanzania,30,40,38,29,21,15,14,9,(D),(D),(D),(D),15,-4,32,-33,61,17,39,21,22,18,22,21,(D),(D),(D),(D),(D),(D),286,206,570
    Togo,4,(D),6,9,(D),(D),(D),4,4,6,4,4,9,8,8,9,10,6,7,7,8,3,3,5,-11,-11,-10,0,0,0,0,0,0
    Tunisia,123,146,117,95,53,102,63,38,42,46,30,33,103,70,89,149,150,92,47,32,99,115,120,154,67,175,257,298,351,221,248,348,360
    Uganda,14,17,(D),(D),(D),(D),(D),5,6,6,7,8,(D),(D),(D),(D),(D),23,3,2,4,4,7,9,10,(D),(D),81,91,104,100,108,71
"    United Kingdom Islands, Atlantic (Africa)",n.s.,n.s.,n.s.,n.s.,n.s.,n.s.,n.s.,n.s.,n.s.,n.s.,n.s.,n.s.,n.s.,n.s.,n.s.,n.s.,n.s.,n.s.,n.s.,n.s.,n.s.,n.s.,n.s.,n.s.,n.s.,n.s.,n.s.,15,15,15,15,15,15
    Zaire,135,141,138,153,143,99,100,60,33,39,35,54,n.s.,n.s.,n.s.,n.s.,n.s.,n.s.,n.s.,n.s.,n.s.,n.s.,n.s.,n.s.,n.s.,n.s.,n.s.,n.s.,n.s.,n.s.,n.s.,n.s.,n.s.
    Zambia,65,67,61,41,28,30,31,27,31,28,35,45,26,29,33,35,36,42,41,48,44,45,36,35,74,76,79,118,131,130,144,119,127
    Zimbabwe,74,62,54,50,47,43,41,77,92,91,109,127,117,100,169,130,99,77,93,117,146,140,109,(D),73,(D),(D),(D),(D),(D),(D),(D),122
Middle East,3550,4470,4979,4554,4876,4225,3923,3518,3959,4963,5759,6571,6367,7198,8294,8836,10739,10950,10863,13212,15158,16885,18963,21115,24206,28448,31294,33776,34431,35951,40306,46626,52168
  Israel,579,636,761,744,469,688,752,827,746,826,1335,1604,1483,1831,2045,2071,2837,4777,3735,5690,5726,7020,6171,7978,9168,9487,9444,9018,9464,9008,8977,9758,10801
  Saudi Arabia,1495,2131,2274,2325,2332,2082,1700,1655,1899,2303,2351,2587,2100,2741,3476,3821,4672,3336,3661,3570,4930,3140,3657,3830,4410,5012,5126,7530,7436,8132,9500,10084,10064
  United Arab Emirates,511,716,1006,813,884,766,774,391,409,416,429,524,357,500,598,567,674,540,683,834,1087,1934,2962,2285,2670,2967,3337,4118,4935,6603,8481,11717,15035
  Other,965,987,938,672,1190,689,697,644,905,1419,1644,1856,2427,2126,2174,2377,2556,2298,2784,3118,3415,4790,6172,7022,7958,10982,13387,13110,12595,12208,13348,15067,16268
    Bahrain,756,769,763,398,288,-377,-348,-65,-139,-3,-6,20,(D),(D),-138,-186,-200,-37,39,46,70,144,207,210,155,80,6,-329,-199,219,715,857,765
    Iran,9,21,-37,25,21,11,(D),(D),(*),(D),(D),(D),309,310,(*),(*),(*),-1,-1,(*),(*),(*),(D),(D),(D),2,1,-1,-1,-1,-1,-1,-1
    Iraq,3,2,1,2,1,1,0,n.s.,n.s.,n.s.,n.s.,n.s.,n.s.,n.s.,n.s.,n.s.,n.s.,0,0,0,0,53,(D),(D),(D),(D),(D),43,-46,468,(D),(D),2825
    Iraq-Saudi Arabia Neutral Zone,(D),0,0,0,0,0,0,n.s.,n.s.,n.s.,n.s.,n.s.,n.s.,n.s.,n.s.,n.s.,n.s.,n.s.,n.s.,n.s.,n.s.,n.s.,n.s.,n.s.,n.s.,n.s.,n.s.,n.s.,n.s.,n.s.,n.s.,n.s.,n.s.
    Jordan,(D),(D),(D),(D),(D),(D),(D),(D),8,(D),(D),8,13,15,(D),(D),(D),21,(D),(D),(D),(D),55,-2,39,105,137,140,135,182,189,217,249
    Kuwait,40,47,62,62,(D),35,-1,(D),(D),(D),(D),(D),168,71,28,-60,111,157,313,380,(D),(D),(D),(D),637,(D),1458,285,134,(D),262,(D),315
    Lebanon,54,52,39,40,39,22,21,(D),(*),(*),1,2,-5,(*),7,24,45,53,83,100,102,109,156,169,151,179,214,150,203,206,173,189,227
    Oman,31,48,55,67,35,33,51,75,81,(D),(D),121,144,102,78,75,80,182,176,236,193,358,(D),(D),(D),(D),(D),(D),(D),(D),(D),(D),3025
    Qatar,5,3,2,1,-1,-4,-5,7,2,13,11,19,304,499,747,1088,1399,1450,1601,1767,2278,3195,4027,4997,5395,7841,(D),(D),9907,8314,7686,8411,8639
    Syria,(D),(D),(D),(D),(D),(D),(D),(D),(D),(D),(D),408,(D),(D),(D),(D),(D),6,(D),(D),(D),(D),(D),-45,8,10,9,7,8,7,7,6,5
    Yemen (Aden),2,1,1,1,1,1,1,2,---,---,---,---,n.s.,n.s.,n.s.,n.s.,n.s.,n.s.,n.s.,n.s.,n.s.,n.s.,n.s.,n.s.,n.s.,n.s.,n.s.,n.s.,n.s.,n.s.,n.s.,n.s.,n.s.
    Yemen (Sanaa),6,9,(D),(D),(D),(D),(D),n.s.,n.s.,n.s.,n.s.,n.s.,n.s.,n.s.,n.s.,n.s.,n.s.,n.s.,n.s.,n.s.,n.s.,n.s.,n.s.,n.s.,n.s.,n.s.,n.s.,n.s.,n.s.,n.s.,n.s.,n.s.,n.s.
    Yemen,n.s.,n.s.,n.s.,n.s.,n.s.,n.s.,n.s.,(D),(D),514,695,910,1096,922,984,940,752,465,533,548,552,618,640,497,779,814,700,(D),(D),(D),302,(D),220
Asia and Pacific,28282,30916,33405,35294,38472,46925,52206,55805,64718,72219,79962,92671,108528,122711,139548,144815,159678,190621,207125,227418,270086,270830,374754,375689,403637,444101,484796,502826,570111,591657,672777,696447,738786
  Australia,9089,9151,9121,9067,9670,11728,13155,14368,15110,16072,16928,19047,20196,24328,30006,28404,31483,35386,34838,27778,39074,48447,(D),75669,67632,84331,92668,106212,125421,133000,165106,169917,180315
  China,49,103,215,322,183,240,346,436,354,426,563,916,2557,2765,3848,5150,6350,9401,11140,12081,10570,11261,17616,19016,26459,29710,53927,54069,58996,53661,54514,59886,65767
  Hong Kong,2854,3157,3418,3510,4227,4795,5486,5412,6055,6656,8693,10063,11092,11768,14391,17315,17548,22759,27447,32494,40329,36426,32735,36415,39636,40720,40042,50720,41264,46713,56086,60001,66240
  India,360,358,331,381,406,407,378,(D),372,415,484,599,1030,1105,1344,1563,1592,2390,2379,2496,4232,4868,7658,7162,9746,14622,18354,21752,24666,19000,25413,25036,27963
  Indonesia,2295,2846,4185,4592,3369,3252,3131,2771,3207,3826,4384,4864,6355,6777,8322,6729,8104,8402,8904,10511,(D),(D),(D),8603,9484,14978,16273,9743,10558,12046,11441,11250,13536
  Japan,6407,7768,8100,9467,11839,16141,18546,19911,22599,25403,26591,31095,34117,37309,34578,33854,41423,55120,57091,55651,66468,57794,71005,81175,84428,85224,99803,91196,113523,120482,125283,120508,108068
"  Korea, Republic of",690,622,776,828,897,1318,1647,2370,2695,2900,2912,3427,4334,5557,6508,6467,7365,7474,8968,9977,11856,13063,17747,19760,27299,23558,22426,23930,26233,28172,32202,33036,34896
  Malaysia,1221,1162,1111,1152,1019,962,1158,1263,1466,1774,1596,1975,3148,4237,5663,6530,5629,6222,7910,7489,7101,7057,8909,11097,11185,12140,12243,9740,11791,11627,10898,12959,14357
  New Zealand,644,575,510,582,607,744,842,1062,3156,2949,3314,3064,3893,4601,5940,7160,6021,4852,4271,4273,3926,3859,4620,5191,5933,5527,4451,6141,6724,7930,8476,7646,7760
  Philippines,1315,1372,1292,1029,1274,1331,1371,1107,1355,1395,1666,1953,2484,2719,3541,3219,3931,3517,3638,5436,5964,6390,6176,6522,6948,6953,5505,4602,5399,4897,3988,4180,5071
  Singapore,1720,1881,2018,2008,2481,2722,2662,2998,3975,5363,6715,8875,10940,12140,14912,18026,17550,20665,24133,40764,50955,51053,61076,76390,81879,93529,83169,87909,102778,119395,145236,159759,179764
  Taiwan,544,644,795,845,1003,1531,1831,1968,2226,2666,2827,3113,3775,4293,4476,5007,6295,6744,7836,9301,10144,11983,(D),14356,16999,15807,18053,19894,22188,16073,17546,16809,17073
  Thailand,780,918,1160,1146,1152,1349,1211,1511,1790,2025,2594,2943,3585,4283,5000,4332,5209,5500,5824,6176,7774,6886,7499,10252,10642,10284,9162,9457,12999,11840,10773,9825,11729
  Other,313,358,375,365,345,408,441,(D),356,348,696,737,1022,830,1019,1058,1177,2190,2746,2990,(D),(D),(D),4082,5367,6717,8719,7463,7570,6820,5816,5635,6246
    Afghanistan,0,(*),(*),0,0,0,0,n.s.,n.s.,n.s.,n.s.,n.s.,n.s.,n.s.,n.s.,n.s.,n.s.,n.s.,n.s.,n.s.,n.s.,n.s.,6,6,6,6,6,3,3,3,3,3,3
    Bangladesh,13,11,10,8,7,7,7,6,7,(D),(D),(D),42,46,59,86,171,174,208,193,220,189,354,181,365,218,260,331,296,326,368,413,465
    Bhutan,n.s.,n.s.,n.s.,n.s.,n.s.,n.s.,n.s.,n.s.,n.s.,n.s.,n.s.,n.s.,n.s.,n.s.,n.s.,n.s.,n.s.,4,4,4,4,4,3,3,3,3,3,(*),(*),(*),(*),(*),(*)
    Brunei,(D),(D),19,19,-8,4,6,17,26,33,42,47,12,30,-18,10,62,21,-2,-17,-33,-27,-6,-25,27,28,27,60,103,99,116,31,-6
    Burma,0,0,0,0,0,(*),(*),(D),(D),55,45,(D),(D),61,90,(D),(D),(D),(D),(D),(D),(D),(*),1,(*),(*),(*),(*),(*),1,1,1,1
    Cambodia,n.s.,n.s.,n.s.,n.s.,n.s.,n.s.,n.s.,n.s.,n.s.,n.s.,n.s.,n.s.,0,0,0,0,-1,-2,1,1,1,1,-2,-2,-2,-2,-2,25,30,37,54,63,77
    East Timor,n.s.,n.s.,n.s.,n.s.,n.s.,n.s.,n.s.,n.s.,n.s.,n.s.,n.s.,n.s.,n.s.,n.s.,n.s.,n.s.,n.s.,---,---,---,0,(D),(D),(D),2,2,2,n.s.,n.s.,n.s.,n.s.,n.s.,n.s.
    Federated States of Micronesia,0,0,0,0,0,(D),(D),(D),(D),(D),(D),(D),n.s.,n.s.,n.s.,n.s.,n.s.,n.s.,n.s.,n.s.,n.s.,n.s.,n.s.,n.s.,n.s.,n.s.,n.s.,n.s.,n.s.,n.s.,n.s.,n.s.,n.s.
    Fiji,(D),(D),(D),(D),(D),(D),(D),1,1,1,1,1,-3,-1,17,20,14,32,13,23,(D),32,38,42,43,48,44,27,20,-12,(D),-30,-40
"    French Islands, Indian Ocean",6,2,2,2,3,4,4,3,6,6,10,7,10,(D),13,15,16,18,7,5,6,7,5,9,(D),1,1,(*),0,0,0,0,0
"    French Islands, Pacific",3,3,3,4,5,7,7,9,21,27,37,42,(D),(D),(D),(D),(D),109,(D),(D),(D),8,(D),(D),(D),(D),(D),(D),(D),(D),(D),(D),(D)
    Laos,n.s.,n.s.,n.s.,n.s.,n.s.,n.s.,n.s.,0,0,0,0,0,1,(*),-2,-4,-6,(*),(*),(*),(*),(*),-3,-3,-3,-3,-3,0,0,0,0,0,0
    Macau,0,1,2,3,4,6,8,13,13,(D),(D),4,2,3,4,6,7,3,3,3,(D),(D),40,(D),259,1511,2707,1013,938,808,1279,929,(D)
    Maldives,n.s.,n.s.,n.s.,n.s.,n.s.,n.s.,n.s.,n.s.,n.s.,n.s.,n.s.,n.s.,n.s.,n.s.,n.s.,n.s.,n.s.,n.s.,n.s.,n.s.,n.s.,n.s.,1,1,1,1,1,1,1,1,1,1,1
    Marshall Islands,0,0,0,0,0,1,2,2,2,3,4,4,4,-1,-5,-9,(D),515,1391,1632,1652,1610,(D),(D),2917,(D),(D),(D),(D),(D),2138,2028,(D)
    Micronesia,n.s.,n.s.,n.s.,n.s.,n.s.,n.s.,n.s.,n.s.,n.s.,n.s.,n.s.,n.s.,(D),(D),(D),(D),(D),28,(D),(D),(D),(D),(D),(D),(D),(D),(D),(D),27,29,30,32,33
    Mongolia,n.s.,n.s.,n.s.,n.s.,n.s.,n.s.,n.s.,n.s.,n.s.,n.s.,n.s.,n.s.,n.s.,n.s.,n.s.,n.s.,n.s.,n.s.,n.s.,n.s.,n.s.,n.s.,(*),(*),(*),(*),-3,2,-3,6,(D),28,31
    Nauru,n.s.,n.s.,n.s.,n.s.,n.s.,n.s.,n.s.,n.s.,n.s.,n.s.,n.s.,n.s.,n.s.,n.s.,n.s.,n.s.,n.s.,1,1,1,1,1,n.s.,n.s.,n.s.,n.s.,n.s.,n.s.,n.s.,n.s.,n.s.,n.s.,n.s.
    Nepal,n.s.,n.s.,n.s.,n.s.,n.s.,n.s.,n.s.,n.s.,n.s.,n.s.,n.s.,n.s.,n.s.,n.s.,n.s.,n.s.,n.s.,4,4,4,4,2,1,1,1,1,2,4,5,4,5,(D),(D)
    Pakistan,129,119,123,108,108,155,177,177,184,187,245,255,389,425,497,548,516,595,475,522,563,755,858,1130,1167,(D),430,624,(D),245,231,233,272
    Palau,0,0,0,0,0,1,1,2,3,4,5,(D),(D),(D),(D),(D),(D),(D),(D),(D),(D),(D),(D),(D),(D),(D),(D),-36,-36,-36,-36,-36,-36
    Papua New Guinea,57,108,159,155,156,164,185,54,43,-33,193,215,335,135,146,56,49,323,73,29,30,20,12,-16,8,61,(D),(D),235,(D),198,317,339
    Samoa,n.s.,n.s.,n.s.,n.s.,n.s.,n.s.,n.s.,n.s.,n.s.,n.s.,n.s.,n.s.,1,1,1,1,1,1,(*),(*),(*),(*),1,1,1,1,1,1,1,1,1,1,1
    Solomon Islands,n.s.,n.s.,n.s.,n.s.,n.s.,n.s.,n.s.,0,0,0,0,0,2,3,3,2,2,3,3,0,0,0,n.s.,n.s.,n.s.,n.s.,n.s.,n.s.,n.s.,n.s.,n.s.,n.s.,n.s.
    Sri Lanka,11,12,10,11,12,9,11,10,12,7,9,10,21,16,19,22,24,27,29,45,31,47,56,52,69,80,113,90,101,(D),102,102,111
    Timor-Leste,n.s.,n.s.,n.s.,n.s.,n.s.,n.s.,n.s.,n.s.,n.s.,n.s.,n.s.,n.s.,n.s.,n.s.,n.s.,n.s.,n.s.,n.s.,n.s.,n.s.,n.s.,n.s.,n.s.,n.s.,n.s.,n.s.,n.s.,10,10,10,10,10,10
    Tonga,1,2,2,2,2,3,3,2,4,4,4,4,4,(D),(D),(D),5,4,(*),(*),(*),(*),(*),(*),(*),(*),(*),n.s.,n.s.,n.s.,n.s.,n.s.,n.s.
    Tuvalu,n.s.,n.s.,n.s.,n.s.,n.s.,n.s.,n.s.,n.s.,n.s.,n.s.,n.s.,n.s.,n.s.,n.s.,n.s.,n.s.,n.s.,n.s.,n.s.,n.s.,n.s.,n.s.,(*),(*),(*),(*),(*),1,1,1,1,1,1
"    United Kingdom Islands, Indian Ocean",n.s.,n.s.,n.s.,n.s.,n.s.,n.s.,n.s.,n.s.,n.s.,n.s.,n.s.,n.s.,n.s.,n.s.,n.s.,n.s.,n.s.,n.s.,n.s.,n.s.,n.s.,n.s.,(*),(*),(*),(*),(*),n.s.,n.s.,n.s.,n.s.,n.s.,n.s.
"    United Kingdom Islands, Pacific",0,(*),(*),(*),(*),(*),(*),-1,-1,-1,-1,-1,n.s.,n.s.,n.s.,n.s.,n.s.,n.s.,n.s.,n.s.,n.s.,n.s.,4,4,14,34,4,6,6,6,6,6,6
    Vanuatu,(D),(D),(D),(D),(D),(D),(*),(*),1,-1,49,(D),(D),(D),(D),(D),(D),(D),(D),(D),(D),(D),77,82,89,97,107,(D),(D),(D),130,136,142
    Vietnam,(*),(*),(*),(*),(*),0,0,0,0,0,0,0,15,-31,24,15,(D),168,141,172,181,218,205,261,261,426,477,738,799,964,1143,1331,1473
    Western Samoa,(*),(*),(*),(*),(*),(*),1,1,1,1,1,1,n.s.,n.s.,n.s.,n.s.,n.s.,n.s.,n.s.,n.s.,n.s.,n.s.,n.s.,n.s.,n.s.,n.s.,n.s.,n.s.,n.s.,n.s.,n.s.,n.s.,n.s.
Legend / Footnotes:,,,,,,,,,,,,,,,,,,,,,,,,,,,,,,,,,
<strong>n.s.</strong>  Not shown.  Data may not be shown for several reasons:,,,,,,,,,,,,,,,,,,,,,,,,,,,,,,,,,
1. The data appear on another line in this table.,,,,,,,,,,,,,,,,,,,,,,,,,,,,,,,,,
2. The data are not shown in this table but may be available in detailed country- or industry-level tables in this interactive system or in other BEA published tables on direct investment.,,,,,,,,,,,,,,,,,,,,,,,,,,,,,,,,,
"3. The data are not available, do not apply, or are not defined.",,,,,,,,,,,,,,,,,,,,,,,,,,,,,,,,,
"<strong>(*)</strong> indicates a non-zero value between -$500,000 and +$500,000, or fewer than 50 employees, as appropriate.",,,,,,,,,,,,,,,,,,,,,,,,,,,,,,,,,
<strong>(D)</strong> indicates that the data in the cell have been suppressed to avoid disclosure of data of individual companies.,,,,,,,,,,,,,,,,,,,,,,,,,,,,,,,,,
"Balance of payments transactions (and associated positions) between parents and affiliates are recorded against the country of the foreign affiliate with which the U.S. parent had a direct transaction, even if the transaction may reflect indirect claims on, liabilities to, or income from indirectly held affiliates in third countries.  For years prior to 1999, the ""<em>International</em>"" category consists of affiliates that have operations spanning more than one country and that are engaged in petroleum shipping, other water transportation, or offshore oil and gas drilling.  Beginning with the data for 1999, data for such affiliates are classified in the country of residence of the operator of the ship or equipment.",,,,,,,,,,,,,,,,,,,,,,,,,,,,,,,,,
"The composition of the ""Other"" categories shown in this table may change from one year to another.  For a geographic area, ""Other"" is a residual that shows a total for all countries not shown separately under that area.  Because the countries shown separately may change over time as the composition of direct investment changes, data for a particular country may be included in an ""Other"" total in one year but excluded from it in another year.  Changes in the countries shown separately generally take place in years covered by benchmark surveys (or censuses) of direct investment, which usually are conducted once every five years.",,,,,,,,,,,,,,,,,,,,,,,,,,,,,,,,,
"If you have a question about the availability of data, E-mail your question to <a href=""mailto:internationalaccounts@bea.gov"">internationalaccounts@bea.gov</a>",,,,,,,,,,,,,,,,,,,,,,,,,,,,,,,,,
Source: U.S. Bureau of Economic Analysis,,,,,,,,,,,,,,,,,,,,,,,,,,,,,,,,,